seller_owner_match,duplicate_transaction,recent_ownership_change,record_inconsistency,ownership_changes,previous_transactions,transaction_frequency_30d,days_since_previous_transaction,transaction_value_log,risk_score,risk_level
1,0,0,0,0,2,1,1135,18.12013752939313,0.0,LOW
1,0,0,0,0,3,1,544,14.140326356616393,11.42,LOW
0,0,0,0,0,1,0,1277,17.887028263648272,10.61,LOW
1,0,1,0,0,2,1,595,16.098987316019716,23.36,LOW
1,0,0,1,2,3,1,1496,16.607667039921605,24.44,LOW
0,0,0,0,1,3,2,271,17.467977393401153,35.8,MEDIUM
1,0,0,0,1,1,0,282,16.943427644682675,0.0,LOW
1,0,0,0,1,0,0,882,15.196970423427633,2.98,LOW
1,0,0,0,1,1,0,1204,16.660098510788863,0.0,LOW
1,0,1,0,0,1,0,215,18.05422136989808,14.45,LOW
1,0,0,0,0,0,1,754,15.023979116623096,10.97,LOW
0,0,1,0,1,4,0,335,18.330271362313376,42.77,MEDIUM
1,0,0,0,1,2,0,1106,16.42427273456542,15.76,LOW
1,0,0,0,0,4,1,842,15.523449450887718,2.44,LOW
1,0,0,0,1,2,0,982,15.01738167693092,12.55,LOW
1,0,0,0,0,0,1,403,15.754384218150898,0.0,LOW
1,0,0,0,0,0,1,433,13.849193835822454,0.0,LOW
1,0,0,0,0,6,1,960,15.543231084035334,3.15,LOW
1,0,0,0,0,1,2,529,15.710780031758826,11.68,LOW
1,0,1,1,2,1,0,1036,14.818144985976339,41.7,MEDIUM
1,0,0,0,0,3,1,231,16.822629714394797,0.0,LOW
1,0,0,0,2,2,1,452,15.759357083431674,2.84,LOW
0,1,0,0,1,1,0,152,15.30062600092413,46.97,MEDIUM
0,0,0,0,0,1,0,131,15.642132671424601,27.81,LOW
1,0,1,0,0,0,0,393,16.390618220647433,18.99,LOW
1,1,0,0,0,2,0,734,16.080543331513695,25.85,LOW
1,0,0,0,1,2,0,216,15.228927403103665,1.97,LOW
1,0,0,0,0,1,0,139,16.13821882144449,4.46,LOW
1,1,0,0,0,3,1,1316,15.944256446677118,23.77,LOW
1,0,0,0,0,1,1,773,14.746589354536306,4.6,LOW
1,0,1,0,0,1,0,1074,15.682644837142014,17.49,LOW
0,0,0,1,0,0,0,1090,16.637272097462976,39.32,MEDIUM
1,0,0,0,1,2,2,152,16.629352085886158,9.84,LOW
1,0,0,0,1,0,2,931,15.747039234356267,6.83,LOW
1,0,0,0,2,5,2,1291,16.744450074264574,15.91,LOW
1,0,1,0,0,1,0,672,14.922048953316917,8.64,LOW
1,0,0,0,1,2,0,1293,14.956113377987341,8.0,LOW
1,0,0,0,1,0,1,1419,15.723619540376951,10.14,LOW
1,0,0,0,0,1,0,820,17.64732274969585,2.4,LOW
1,0,0,0,1,0,0,152,16.179576789192026,6.45,LOW
1,0,1,0,0,1,1,926,15.69709760936765,16.47,LOW
1,0,0,0,2,3,1,1320,17.698551801327312,14.99,LOW
1,0,0,0,0,2,0,869,15.684367721276107,1.82,LOW
1,0,0,0,0,5,0,1200,18.458206561014595,0.0,LOW
1,0,0,0,0,5,0,803,15.43758856401718,7.96,LOW
1,0,0,0,1,2,0,630,14.887098397823568,0.0,LOW
1,0,0,0,0,3,0,1419,15.817001827662937,3.69,LOW
1,0,0,0,1,1,0,229,15.72600731307928,2.08,LOW
1,1,0,0,1,2,0,671,15.11150802601579,28.42,LOW
1,1,0,0,0,3,1,233,18.86217148597428,30.52,MEDIUM
1,0,0,0,1,4,0,982,16.350489224585775,2.62,LOW
1,0,0,0,0,0,0,1383,16.51067453103874,2.66,LOW
1,0,0,0,0,2,4,1497,15.491932806149386,7.7,LOW
1,0,0,0,1,2,1,350,15.364563676780357,3.1,LOW
1,0,0,0,0,5,1,1092,17.12811419128947,12.12,LOW
1,0,0,0,2,1,0,1312,14.156574050151264,8.47,LOW
1,0,0,0,1,3,3,1251,14.742849079930595,13.27,LOW
1,0,0,0,1,3,0,755,15.72796064383169,12.9,LOW
1,0,0,0,0,1,0,261,17.486152036197744,8.0,LOW
1,1,0,0,0,1,0,693,15.588031329733578,29.67,LOW
1,0,1,0,0,2,1,1164,16.457766713001615,16.21,LOW
1,0,0,1,1,3,1,929,16.0305015473269,18.14,LOW
1,0,0,0,0,2,2,582,17.42588425423049,5.52,LOW
1,1,0,0,1,0,0,322,14.256804679965786,34.93,MEDIUM
1,0,0,0,1,1,0,978,16.809559524095054,5.91,LOW
1,0,0,0,0,4,0,642,15.781211177283144,0.0,LOW
1,0,1,0,0,2,1,708,17.01737261331135,22.29,LOW
1,1,0,0,2,1,0,1408,15.098789683289652,38.16,MEDIUM
1,0,0,0,1,0,3,13,16.02683237684912,13.62,LOW
1,0,0,0,1,0,1,357,15.887242617996048,9.94,LOW
1,1,0,0,0,0,0,1380,14.897320981547546,29.18,LOW
1,0,1,0,0,2,2,1383,14.591545685758339,15.7,LOW
0,0,0,0,0,5,0,454,15.361547501950543,32.52,MEDIUM
1,0,0,0,1,5,0,1492,16.142924241894498,0.46,LOW
1,0,0,0,2,1,2,317,15.167396553265057,10.07,LOW
1,0,0,0,1,0,0,77,15.6369190806694,2.52,LOW
1,0,0,0,0,1,2,460,13.925622910068071,0.0,LOW
1,0,0,0,0,1,2,797,15.592285087467896,5.28,LOW
1,0,0,0,0,3,1,9,17.12594531128751,17.91,LOW
1,0,1,0,1,0,2,257,16.77569835856709,27.58,LOW
1,0,0,0,0,0,1,1187,15.904385869270142,5.23,LOW
1,0,0,0,0,4,1,933,16.268017997515578,0.0,LOW
1,0,0,0,0,0,0,908,15.088913564846427,0.0,LOW
1,0,0,0,1,2,1,1485,17.78688255162054,7.16,LOW
1,1,0,0,1,2,3,342,18.274538757165296,35.01,MEDIUM
1,1,0,0,1,1,2,1346,16.181305993776572,30.38,MEDIUM
1,0,0,0,1,0,1,533,18.849754419667644,14.69,LOW
1,0,0,1,0,1,0,1388,15.251799391311124,19.81,LOW
1,0,0,0,1,0,1,1175,14.623812835924152,7.63,LOW
1,0,0,0,0,4,0,320,15.21941387049647,8.09,LOW
1,0,1,0,1,0,0,314,15.75856070841751,18.43,LOW
1,0,0,0,2,3,0,814,18.54327320632326,22.32,LOW
1,0,0,0,1,2,0,754,15.690724959853444,0.0,LOW
1,0,1,0,2,2,1,352,15.054378605915577,21.3,LOW
1,0,1,0,0,1,2,390,15.011695254464819,13.63,LOW
1,0,0,0,1,2,0,1350,17.25402432324761,12.92,LOW
1,0,0,0,1,2,3,1131,17.09703192313994,13.42,LOW
1,0,0,0,0,0,3,286,15.465973995011028,1.62,LOW
1,0,0,0,1,1,1,1088,13.936637472315129,1.08,LOW
0,0,0,0,0,4,2,231,14.758547100819786,35.33,MEDIUM
0,0,0,0,1,2,0,667,17.893368221249496,28.91,LOW
1,0,0,0,0,1,1,18,16.757688673004417,16.94,LOW
1,0,1,0,0,2,1,974,16.072007513114137,17.47,LOW
0,0,1,0,0,1,1,273,18.055716490466164,41.91,MEDIUM
1,0,0,0,0,4,1,354,18.154158900092668,6.0,LOW
1,1,0,0,0,3,1,284,15.960466437842571,26.39,LOW
1,0,1,0,0,1,2,275,15.980671063415167,17.77,LOW
1,0,1,0,0,4,0,116,15.359748649676716,11.64,LOW
1,0,0,0,0,1,1,832,15.686936383766351,4.78,LOW
0,1,0,0,1,1,0,1302,14.365042526619867,56.17,MEDIUM
1,0,0,0,0,0,1,452,14.360574986197534,6.62,LOW
1,1,0,0,0,1,2,1170,14.105075244203508,33.09,MEDIUM
1,0,0,1,2,1,0,815,17.192770707611388,25.26,LOW
1,0,0,0,0,1,0,381,14.28245755479618,8.79,LOW
1,0,0,0,0,2,0,92,18.144958528576772,6.11,LOW
0,0,1,0,3,0,2,1175,15.196584319680655,57.2,MEDIUM
1,0,0,0,0,4,0,34,17.91108489746079,10.49,LOW
1,0,0,0,0,3,1,633,15.598440222847978,3.05,LOW
1,0,0,1,0,2,1,51,14.277194551987474,23.49,LOW
1,0,0,0,0,4,0,1164,17.412156787872018,6.98,LOW
1,0,0,0,1,2,2,1485,17.542052190396547,1.82,LOW
1,0,0,0,1,2,1,484,15.003343899706287,0.45,LOW
1,0,0,0,0,1,0,470,15.635182506742805,0.0,LOW
1,0,0,0,2,1,0,847,15.003624469782922,6.85,LOW
1,0,1,0,1,2,2,753,15.86742063609651,20.86,LOW
1,0,0,0,0,3,1,572,16.11861206218494,0.0,LOW
1,0,1,1,0,3,0,549,15.613478634973028,36.33,MEDIUM
1,0,1,0,0,5,0,281,13.999219465070063,18.02,LOW
1,0,1,0,1,4,0,376,15.361032753400975,27.24,LOW
1,0,0,0,2,1,3,879,16.773870639909447,22.29,LOW
1,0,0,1,0,4,1,1102,15.770210503144492,25.33,LOW
0,0,0,1,0,1,0,1126,15.639815309682124,37.87,MEDIUM
1,0,0,0,2,1,0,775,14.976145800466158,10.76,LOW
1,1,0,0,0,3,2,1130,15.328943493882623,31.16,MEDIUM
1,1,1,0,0,1,0,888,17.549842917240156,40.24,MEDIUM
1,0,0,1,1,0,1,534,14.746245017517682,18.87,LOW
0,0,0,0,1,3,0,530,16.792905406353754,25.37,LOW
1,0,0,0,0,2,1,778,16.051760742993878,2.04,LOW
1,0,0,0,1,0,2,461,16.269291729433544,10.47,LOW
1,0,0,0,1,1,0,1146,15.19440809088392,6.72,LOW
1,0,0,0,3,1,1,277,15.613044897347292,21.69,LOW
1,0,0,0,1,2,0,81,15.993707801810848,8.31,LOW
0,0,0,0,0,4,0,737,15.427266338929885,27.39,LOW
1,0,0,0,0,3,0,107,16.364575314440206,0.63,LOW
1,1,0,0,1,1,1,287,16.50318291773538,26.1,LOW
1,0,0,0,0,3,0,564,18.389977285981914,0.0,LOW
1,0,1,0,1,0,1,6,16.306009032298608,23.41,LOW
1,0,0,0,1,1,1,335,13.896533078929279,0.0,LOW
1,0,0,0,0,3,1,817,17.27932098892255,0.0,LOW
1,0,0,0,1,1,1,562,15.775742294200189,13.86,LOW
1,0,0,0,2,2,1,1345,18.21311789923054,11.54,LOW
0,0,0,0,0,1,2,140,17.61801689775584,23.97,LOW
1,0,0,0,0,1,0,1080,15.444205877917277,2.81,LOW
1,0,1,0,0,0,0,888,16.79409306225829,4.69,LOW
1,0,0,0,0,1,2,967,15.346649337477324,5.17,LOW
1,0,0,0,1,0,0,1008,16.002959909056163,9.96,LOW
1,0,0,0,1,1,1,78,16.74358329578935,4.93,LOW
1,0,0,0,1,2,0,1188,17.22430022665116,0.0,LOW
1,0,0,1,0,1,0,497,16.984726411774865,17.11,LOW
1,0,0,0,1,3,1,976,16.08248859510411,13.67,LOW
1,0,0,1,1,3,1,441,18.73176629008934,26.9,LOW
0,0,0,0,1,5,0,594,15.598477552820201,21.91,LOW
1,0,0,0,1,3,1,1050,14.232079305130773,19.31,LOW
1,0,0,0,0,3,0,1403,14.443830775269742,0.0,LOW
1,0,0,0,0,3,0,1317,17.621408503134578,0.96,LOW
1,0,0,0,0,3,2,1090,15.915681788168515,0.0,LOW
1,0,0,0,0,1,0,808,16.174963247859502,0.0,LOW
1,0,0,0,1,3,1,792,15.40322373208323,4.69,LOW
1,0,0,0,1,2,1,1449,15.50202727277089,9.59,LOW
0,0,1,0,0,2,0,310,15.134194552955776,45.21,MEDIUM
1,0,0,1,1,2,1,1432,16.5182658946631,22.81,LOW
1,1,0,1,0,2,0,974,15.89288209070919,40.69,MEDIUM
1,0,0,0,0,0,1,924,16.478505915583742,3.96,LOW
0,0,1,0,2,0,1,888,16.37338222384923,47.82,MEDIUM
1,1,0,0,0,3,0,1219,15.531533393003814,29.39,LOW
1,0,0,0,0,1,1,1025,14.395396312166934,3.65,LOW
1,0,0,0,0,1,0,142,14.299620444400706,0.16,LOW
0,0,1,0,1,1,2,1172,19.329316750864574,44.58,MEDIUM
0,0,0,0,1,3,2,1093,17.625990788865643,29.8,LOW
1,0,1,1,0,4,1,1373,17.474200823580336,43.33,MEDIUM
0,0,0,0,1,2,0,1405,15.257932512314415,38.59,MEDIUM
0,0,1,0,1,0,2,1424,16.010460707139433,44.26,MEDIUM
1,0,0,1,1,1,1,64,15.103100928378511,24.04,LOW
1,1,0,0,0,1,0,945,14.55670969531752,27.99,LOW
1,1,0,0,1,1,2,1402,15.352349127586729,29.55,LOW
1,0,0,1,0,2,2,1449,17.458803459772536,26.93,LOW
1,0,0,1,2,3,0,824,16.924819903616367,29.69,LOW
1,0,0,0,2,0,0,1368,14.932947198215777,4.49,LOW
1,1,0,0,1,0,0,1321,15.653702344826778,33.94,MEDIUM
1,0,0,0,0,3,2,3,16.82403548913024,12.69,LOW
0,1,0,0,2,2,1,1328,15.37193146529393,52.75,MEDIUM
1,0,1,0,0,1,0,957,16.087544869316,17.38,LOW
1,0,0,0,0,3,1,861,16.442032191771293,4.93,LOW
1,0,0,0,1,3,1,267,16.430023607028545,12.02,LOW
1,0,0,0,0,2,0,1378,16.279559970459314,5.79,LOW
1,0,1,0,1,1,1,443,15.280933108839239,19.8,LOW
1,0,0,0,1,2,0,627,15.393927953729303,2.37,LOW
0,1,0,0,2,1,1,446,14.752985163327311,57.05,MEDIUM
1,0,1,0,0,0,3,1455,14.2825297471475,21.14,LOW
1,0,1,0,1,0,1,725,15.873776384140749,22.14,LOW
1,0,0,0,0,0,0,171,16.897885576045912,1.56,LOW
0,0,0,0,0,3,2,16,14.481689366430658,34.34,MEDIUM
1,1,0,0,1,1,1,1471,16.300270568536682,36.65,MEDIUM
1,0,0,0,0,2,0,353,16.863094334721733,0.0,LOW
1,0,0,0,0,3,0,1156,13.97959285429652,15.08,LOW
1,0,0,0,0,0,1,43,15.70236078985016,5.44,LOW
1,1,0,0,2,1,0,1346,17.810831220504213,27.49,LOW
1,0,0,0,0,4,2,976,16.607135119533112,6.89,LOW
1,0,0,1,0,2,2,337,13.942497136031482,26.97,LOW
1,0,0,0,0,0,0,1334,16.72417340865277,0.0,LOW
1,0,1,0,1,2,1,447,15.177489526348838,13.36,LOW
1,1,0,0,0,1,2,1497,16.760437623102035,24.24,LOW
1,0,0,0,0,1,1,899,15.240910056739148,5.03,LOW
1,1,0,0,0,0,1,673,15.94166431114684,18.31,LOW
1,0,0,0,2,2,1,87,15.408702954580756,2.11,LOW
1,0,0,0,0,0,2,390,16.003473495012358,5.75,LOW
1,0,0,0,1,1,0,87,15.375991808697886,2.92,LOW
1,0,1,0,2,0,2,1280,15.754107934290074,20.84,LOW
0,1,1,0,1,1,1,150,14.706834490858254,65.95,HIGH
1,1,1,0,1,3,0,169,16.53972555495539,38.67,MEDIUM
1,0,1,0,0,3,1,186,16.192813729508316,21.03,LOW
1,0,1,0,0,2,0,1462,14.221814608485433,12.11,LOW
1,0,0,0,0,0,1,1456,17.09220832622212,0.0,LOW
0,0,1,0,0,3,2,1072,15.806083244380053,44.02,MEDIUM
1,0,0,0,0,2,0,110,16.1779386358595,0.15,LOW
0,0,0,0,1,3,0,756,16.841017839232105,24.12,LOW
1,0,0,0,0,2,2,1423,16.361066466595982,0.0,LOW
1,0,0,0,2,0,0,145,17.28172347430699,8.57,LOW
1,0,0,1,0,1,0,1191,15.677374925574048,19.67,LOW
1,0,0,0,1,2,0,27,17.137872324849745,9.54,LOW
1,1,0,0,0,1,1,1206,16.135217079588053,22.77,LOW
1,0,0,0,1,5,1,817,16.55839676695736,8.58,LOW
0,0,1,0,0,0,0,1332,16.443992090077696,39.53,MEDIUM
1,0,0,0,1,1,1,621,17.36480335784048,6.06,LOW
0,0,0,0,1,1,1,1178,16.79355361091522,36.27,MEDIUM
1,1,0,0,0,4,1,1264,15.512759971659168,34.02,MEDIUM
1,0,0,0,0,0,2,487,15.294606251600168,2.41,LOW
1,0,0,0,0,2,1,964,15.945270437645684,6.79,LOW
1,1,1,0,0,2,0,691,15.163888414812828,42.47,MEDIUM
1,1,0,0,1,1,1,648,14.842588578541019,31.72,MEDIUM
1,0,0,0,1,5,3,1200,13.659142283772153,18.2,LOW
1,0,0,0,0,3,1,339,14.29581096638842,0.0,LOW
1,0,0,0,1,2,0,179,18.183946997222677,4.94,LOW
1,0,1,0,1,1,0,721,15.277849725407245,25.06,LOW
1,0,0,1,1,2,3,1233,18.09380632980326,29.38,LOW
0,0,1,0,1,2,0,244,16.44347006127114,39.94,MEDIUM
1,1,0,0,1,2,1,510,15.945266176200285,23.38,LOW
1,0,0,0,3,1,1,1001,14.349334371496642,0.45,LOW
1,0,0,0,0,5,0,715,16.005135785133653,14.47,LOW
1,0,1,0,1,2,3,909,18.081402143665052,25.67,LOW
1,0,1,0,0,0,0,792,17.713400418418413,11.79,LOW
0,0,0,0,0,0,2,1215,16.301662517967337,27.0,LOW
1,0,0,0,0,3,1,1313,14.736464797504482,0.0,LOW
1,1,0,0,0,3,0,674,14.947118120225932,26.43,LOW
1,0,0,0,0,1,2,647,15.062148972268293,0.0,LOW
1,0,1,0,0,2,0,418,17.40597042009897,8.97,LOW
1,0,0,0,0,4,2,666,17.794892479719636,0.0,LOW
1,0,0,0,1,3,0,1255,16.215482118464344,0.0,LOW
1,1,0,0,0,0,3,752,15.666611520924532,35.67,MEDIUM
1,0,0,0,0,4,3,1037,17.703581546327083,2.29,LOW
1,0,1,0,0,1,1,628,14.92356910504855,19.81,LOW
1,0,0,0,2,0,1,1060,16.057005660360403,13.11,LOW
1,0,0,0,0,1,0,1069,16.509262599500744,0.83,LOW
1,0,0,0,0,1,0,792,15.050919332105961,0.0,LOW
0,0,0,1,0,2,1,1402,15.300494356469562,44.39,MEDIUM
1,0,0,0,0,1,1,1314,15.214888662893637,0.06,LOW
1,0,1,0,0,0,0,237,17.558399541586894,21.06,LOW
1,0,0,0,0,0,0,341,18.105804004762796,9.73,LOW
1,0,0,0,1,1,2,1433,16.12627178326022,14.55,LOW
1,0,0,0,0,2,1,602,15.704959554252934,0.0,LOW
1,1,0,0,0,1,3,465,15.340174817507375,28.85,LOW
1,0,0,0,0,2,1,1195,16.001920944795362,2.98,LOW
1,0,0,0,0,3,0,903,15.394756073419531,4.62,LOW
1,0,0,0,0,1,0,199,15.893266733409257,0.0,LOW
1,0,0,1,0,0,0,137,16.454556105304317,9.48,LOW
1,0,0,0,0,0,0,1212,15.554155762930595,6.78,LOW
1,0,0,0,2,3,1,1148,15.791453131124493,7.47,LOW
1,1,0,1,0,3,2,529,15.796000066420465,41.92,MEDIUM
0,0,0,0,1,4,1,1294,15.650680221801247,24.28,LOW
0,0,0,0,0,1,0,188,15.514407335282169,24.99,LOW
1,0,0,0,0,1,0,1304,16.838416263230485,0.0,LOW
1,0,1,1,0,5,1,118,14.052190368125913,39.77,MEDIUM
1,0,0,0,1,1,3,954,17.73170784490139,3.44,LOW
1,0,0,0,0,2,2,1265,16.149082409523295,0.0,LOW
1,0,0,1,0,0,2,929,16.671019333585168,28.87,LOW
1,0,0,0,0,1,0,1168,16.797585561463762,2.81,LOW
1,1,0,1,0,1,0,516,15.221134923966371,43.45,MEDIUM
1,0,0,0,1,3,1,432,14.994205588202835,4.33,LOW
1,1,0,1,0,3,1,399,14.86450378688079,55.74,MEDIUM
1,0,0,0,0,5,3,174,15.728225167188553,11.22,LOW
1,0,1,0,1,5,0,416,16.769125160706132,27.8,LOW
1,0,0,0,0,4,1,371,15.357861772257094,1.42,LOW
0,0,1,0,0,3,2,1135,16.668724804196135,42.48,MEDIUM
1,0,1,0,3,2,1,319,13.395286659252681,29.86,LOW
0,0,1,1,0,2,1,249,15.575876077827225,55.67,MEDIUM
0,0,0,0,0,3,1,1100,17.28385110437272,25.43,LOW
0,0,0,0,0,0,1,807,15.811931582063771,20.68,LOW
1,0,0,0,1,0,1,323,15.087942000217216,6.88,LOW
1,0,0,0,0,1,0,1059,15.277472455648644,0.0,LOW
1,0,1,0,1,2,1,324,12.669175180624965,24.08,LOW
1,0,0,0,0,4,0,1179,14.887017832546887,4.57,LOW
1,1,0,0,0,0,0,48,17.16296550976384,24.87,LOW
1,0,0,0,2,0,0,885,15.359136956414146,9.0,LOW
1,0,0,0,4,3,3,895,15.489001201798652,18.11,LOW
0,0,0,0,1,0,2,559,13.435006594259951,25.04,LOW
1,0,0,0,1,3,0,1034,14.206078427576182,8.37,LOW
1,0,1,0,2,1,2,569,17.30905409645973,28.23,LOW
1,0,0,0,1,1,1,980,16.67902348872772,2.93,LOW
1,0,0,0,0,2,0,335,14.572817065416626,0.0,LOW
1,0,0,0,0,1,1,853,15.306370369269457,1.27,LOW
1,0,1,0,1,1,2,1135,15.967910422701339,18.99,LOW
1,0,0,0,0,2,2,1450,14.684259494627568,12.35,LOW
1,0,0,0,1,3,1,540,13.795441728135039,8.68,LOW
1,0,0,0,0,1,0,709,15.824868573816621,0.82,LOW
1,1,1,0,2,2,0,714,16.629869418390566,44.05,MEDIUM
1,0,0,0,2,3,0,1291,16.65104305170295,12.72,LOW
1,0,0,0,0,3,0,1444,16.96276112409636,0.0,LOW
1,1,1,0,0,5,1,969,14.291087012042194,42.54,MEDIUM
1,0,0,0,1,2,1,1234,16.063692100809632,10.3,LOW
0,0,0,0,1,3,1,126,15.704703499347966,31.27,MEDIUM
0,0,0,0,0,1,2,1139,15.904057245953089,12.95,LOW
1,0,0,0,2,2,1,1215,15.767040203002448,8.81,LOW
1,1,0,0,0,1,2,1073,15.273507001331733,30.28,MEDIUM
1,0,0,1,0,2,0,877,12.680430500362835,18.24,LOW
0,0,0,0,0,1,0,1350,17.27801192262774,23.79,LOW
1,0,0,0,0,3,2,980,16.3629891820226,0.0,LOW
1,0,0,0,0,1,0,1270,14.367281233709841,0.0,LOW
1,0,0,0,1,2,0,270,16.52044481829203,0.0,LOW
1,0,0,0,0,2,1,998,15.507964712298383,4.43,LOW
1,0,1,1,0,1,0,656,15.539130451940498,17.35,LOW
1,0,0,0,1,0,1,1303,15.154743938362063,0.44,LOW
1,0,0,0,0,3,1,1321,16.590623519917493,0.0,LOW
1,0,0,0,0,2,1,1266,15.12019407133218,1.7,LOW
0,0,0,0,2,2,0,323,14.79348184530034,40.52,MEDIUM
1,0,0,0,0,0,0,738,17.244919291666594,0.0,LOW
1,0,0,0,0,1,3,0,15.803230449256603,12.04,LOW
1,0,0,0,2,0,0,1470,15.837764971008571,11.02,LOW
1,0,0,0,0,2,0,386,16.76171053230433,1.59,LOW
1,0,0,0,2,2,2,937,15.265654629069205,10.0,LOW
0,0,0,0,0,2,1,731,15.485031510088426,29.99,LOW
1,0,0,0,0,2,1,1357,16.33628679669512,5.41,LOW
0,0,1,0,2,5,0,1232,14.304484637289857,48.9,MEDIUM
1,0,0,0,1,3,2,1166,16.243208951445038,7.8,LOW
1,0,0,0,0,4,0,965,15.168717394900495,1.17,LOW
1,0,0,0,0,0,1,179,16.941019851700663,6.24,LOW
1,0,0,0,2,2,1,1379,16.6013296595349,7.89,LOW
0,0,0,0,0,2,0,94,16.456003192672533,30.09,MEDIUM
1,0,0,0,2,1,0,683,14.232345486589987,1.98,LOW
1,0,0,0,0,4,0,569,15.886265065308798,10.4,LOW
1,0,0,0,2,0,1,586,14.705006783544295,10.6,LOW
1,0,0,0,3,0,1,1466,15.959449706725271,6.46,LOW
1,0,0,1,0,3,1,347,13.453192355421287,24.86,LOW
1,0,1,1,0,2,0,870,14.305084504787233,31.44,MEDIUM
1,0,0,0,2,2,2,327,17.307936969724206,11.28,LOW
1,0,1,0,0,1,0,1368,16.405958493607216,13.03,LOW
1,0,0,0,3,4,1,1104,15.610802567772366,13.76,LOW
1,1,1,1,2,2,0,622,15.000382345045155,72.29,HIGH
1,0,0,1,0,3,0,120,14.807320690654198,23.43,LOW
1,0,0,0,1,2,0,229,16.220171330597378,0.0,LOW
1,0,0,0,1,1,1,364,15.62200445944842,0.02,LOW
0,1,0,0,1,2,1,609,17.701311901649003,55.85,MEDIUM
1,0,1,0,1,4,0,1329,15.796759907988616,22.89,LOW
1,1,0,0,1,0,1,179,16.064592541468986,27.24,LOW
1,1,0,0,2,2,0,865,14.47264618513909,42.33,MEDIUM
1,0,0,0,0,2,1,521,15.603230852305146,7.18,LOW
1,0,1,0,1,4,0,69,16.194690545574783,17.87,LOW
1,0,0,0,0,1,0,929,15.589935717665494,0.0,LOW
1,0,0,0,0,2,1,1057,15.465808613068344,1.78,LOW
1,0,1,0,2,0,2,1440,16.359600588176857,22.72,LOW
0,0,1,0,1,1,0,760,17.66630560971709,47.62,MEDIUM
1,0,0,1,0,2,1,488,16.15946630733861,26.59,LOW
1,0,0,0,0,2,2,1282,17.258604911820452,4.63,LOW
1,0,1,0,0,2,1,371,16.68376261527066,21.29,LOW
1,0,0,0,0,2,1,1024,17.192788712134636,7.23,LOW
1,0,0,0,1,0,1,1416,15.329308084318699,5.12,LOW
1,0,0,0,1,1,1,6,15.772379755517157,15.05,LOW
0,0,0,0,0,1,1,1388,15.77694907215887,27.53,LOW
1,0,0,0,0,1,1,308,16.600904960220372,4.75,LOW
1,1,0,0,1,4,0,722,16.871654104433052,28.18,LOW
1,0,0,0,0,2,1,387,16.13756181022308,0.0,LOW
1,1,0,0,0,2,0,216,16.96437723511345,25.91,LOW
0,0,0,0,0,1,1,1054,15.38033537532049,20.78,LOW
1,0,0,0,1,0,0,723,16.97391530818904,0.0,LOW
1,0,0,0,1,3,0,764,17.117390386404455,9.06,LOW
1,0,0,0,0,1,2,725,16.74524598051713,5.5,LOW
0,1,0,0,1,1,0,1121,16.147586761829334,45.28,MEDIUM
1,0,0,0,0,0,1,1450,16.784655665645463,0.23,LOW
0,0,0,0,1,1,2,769,15.016595088237661,28.3,LOW
1,0,1,1,0,1,1,233,16.21819849079623,36.5,MEDIUM
0,0,0,1,0,4,1,491,16.330561524507633,39.58,MEDIUM
1,0,1,1,0,0,4,744,14.537532770533366,32.24,MEDIUM
1,0,0,0,1,2,1,155,16.522042678233472,8.99,LOW
1,1,0,0,3,1,0,343,14.626299401750003,28.71,LOW
1,0,1,0,2,1,0,304,15.529289872299627,21.02,LOW
1,0,1,0,0,3,0,1460,16.043737055203927,15.35,LOW
1,0,0,0,1,0,0,601,15.196189976903913,2.69,LOW
1,0,0,0,1,2,1,1319,16.09080944248235,7.61,LOW
1,0,0,0,1,0,2,827,16.073212689479842,14.59,LOW
1,0,0,0,1,2,1,759,15.097800196705276,0.0,LOW
1,0,0,0,0,4,0,1408,16.624771904706765,7.51,LOW
1,1,1,0,2,3,0,1038,15.159427846363146,36.6,MEDIUM
0,0,0,0,1,1,0,359,18.516771812208162,33.52,MEDIUM
1,0,0,0,1,5,0,422,15.879573294336335,0.0,LOW
1,0,0,0,1,3,1,999,14.711576440510964,19.67,LOW
0,0,0,0,0,3,0,3,14.917224057164852,29.83,LOW
0,0,0,0,1,1,1,228,17.26233851116813,34.47,MEDIUM
1,1,0,0,0,0,3,111,15.549933185309701,35.99,MEDIUM
1,0,0,0,1,2,1,1071,14.499859811387035,4.03,LOW
1,0,0,0,0,0,2,662,16.939084021840543,1.1,LOW
0,0,0,0,1,1,2,17,15.542868723444109,32.33,MEDIUM
1,0,0,0,0,1,1,1113,16.718761462231285,6.3,LOW
1,0,1,0,1,1,1,984,17.02912262822174,18.17,LOW
1,0,0,1,0,1,0,1078,16.301909892689398,15.01,LOW
0,0,0,0,1,2,0,244,18.63549813525387,29.82,LOW
1,0,0,0,2,1,3,1313,14.102783257773453,7.2,LOW
1,0,0,0,1,2,0,270,15.10025491720101,3.11,LOW
1,0,0,0,1,4,2,856,15.718454994935646,9.81,LOW
1,0,0,0,1,3,0,838,18.487290881468933,2.22,LOW
1,1,0,0,1,0,0,328,17.977802717112432,26.71,LOW
0,0,1,0,0,1,2,563,17.417559954133306,48.7,MEDIUM
1,0,0,0,0,2,3,78,15.126463665179498,4.87,LOW
1,0,0,0,2,0,1,707,15.254733786252528,6.28,LOW
1,0,0,0,0,3,3,1016,15.0885839613455,5.76,LOW
1,0,1,1,0,0,0,463,15.13823042315516,35.69,MEDIUM
1,0,1,0,0,1,0,807,17.64197506800357,10.19,LOW
1,0,0,1,3,1,1,1431,15.731856164264572,32.96,MEDIUM
1,0,0,0,0,6,4,352,15.877352018891663,11.7,LOW
0,0,0,0,1,4,2,436,16.851825465615775,22.21,LOW
1,0,0,0,1,6,0,180,14.170119228562628,17.08,LOW
1,0,0,1,0,1,2,813,16.057910403396054,29.8,LOW
0,0,0,0,1,1,0,305,14.793441098459787,22.15,LOW
1,0,0,0,1,1,2,1282,15.67614358738585,1.22,LOW
1,0,0,0,0,3,0,436,15.354937236644867,3.4,LOW
1,0,1,0,0,0,2,996,15.298221179365617,10.38,LOW
1,1,0,0,0,5,0,284,16.248139987377,36.7,MEDIUM
1,0,0,0,1,4,1,484,16.243334742631763,5.35,LOW
1,0,0,0,2,2,1,256,15.758197351842616,18.04,LOW
1,1,0,0,0,2,1,829,16.407752777290273,24.61,LOW
1,0,0,0,0,2,0,41,15.044524005061096,0.9,LOW
1,0,0,0,1,1,0,124,16.74974445594337,10.64,LOW
0,0,0,0,0,3,0,752,15.773181075626633,22.77,LOW
1,0,0,0,1,2,0,819,15.467970081648314,6.23,LOW
1,0,0,0,0,1,1,494,15.12576530712672,7.89,LOW
1,0,0,1,0,3,0,647,15.73446279348665,17.86,LOW
1,0,0,0,1,1,1,625,18.057703182530513,0.0,LOW
1,0,0,0,0,2,2,1137,15.93035485288715,0.0,LOW
0,0,0,0,0,2,1,670,14.741156110242217,28.21,LOW
1,0,0,0,1,3,2,1272,17.01070097346355,10.53,LOW
1,1,0,0,0,5,1,325,15.48087872062907,36.62,MEDIUM
1,0,0,0,0,3,2,299,16.31213490478772,3.76,LOW
1,0,0,1,1,1,3,605,15.333773394530764,19.62,LOW
0,0,0,0,1,2,2,122,17.408850647757486,17.8,LOW
1,0,0,0,0,0,2,1007,15.35016426768944,17.83,LOW
1,0,0,0,2,1,1,586,17.53764377643529,11.62,LOW
1,1,0,0,1,3,2,549,14.845813357018335,35.15,MEDIUM
1,0,1,0,0,3,0,801,15.677802975712972,18.48,LOW
0,0,0,0,2,3,0,123,17.53999536449746,23.69,LOW
1,0,0,1,1,1,1,565,16.184991647259473,19.95,LOW
1,0,0,0,0,1,3,1459,18.498612535986197,14.22,LOW
1,0,0,0,2,2,1,943,15.703945505838181,13.04,LOW
1,0,0,1,1,1,1,861,16.28274713825674,20.11,LOW
1,0,0,0,0,1,1,758,18.0956641992537,0.0,LOW
0,0,0,0,2,2,0,703,14.334684461583505,27.7,LOW
1,0,0,0,0,1,3,1405,14.198474963500308,3.55,LOW
1,1,0,0,0,3,1,1396,15.124941005069651,40.25,MEDIUM
1,0,0,0,0,1,3,614,16.89470995842066,4.21,LOW
1,0,0,0,0,2,1,1388,14.229163698334867,0.0,LOW
0,0,0,0,0,2,2,123,16.65675396221822,26.36,LOW
1,0,1,1,2,2,0,479,16.579377363937784,42.85,MEDIUM
1,0,0,0,0,2,0,453,18.215829256522152,0.0,LOW
1,0,0,0,1,3,0,1046,17.15003341806361,7.64,LOW
1,0,0,0,1,2,0,909,16.400455261247554,11.08,LOW
1,0,0,0,0,1,0,709,17.495046228668258,1.46,LOW
1,0,0,0,0,2,1,384,16.592794335226355,0.0,LOW
1,0,0,0,1,3,0,760,15.493922939910078,2.81,LOW
1,1,0,0,1,3,1,403,14.740933645246253,24.36,LOW
1,0,0,0,0,2,0,746,15.37369783593761,0.79,LOW
1,0,0,0,1,2,1,509,15.95591873799817,7.91,LOW
1,0,0,0,0,1,0,1333,16.192520245884563,0.0,LOW
1,0,0,0,1,2,1,1119,13.651284842104566,16.35,LOW
1,0,0,0,0,1,0,263,15.758483631583607,4.85,LOW
1,0,0,0,0,1,0,1411,16.03143994650439,0.0,LOW
1,0,0,0,3,2,0,988,16.602291189367826,2.29,LOW
1,0,0,0,1,4,1,525,17.789480970756987,2.68,LOW
1,0,0,0,0,1,0,796,16.204218888989796,8.9,LOW
1,0,0,1,2,2,0,293,14.99948083612751,31.29,MEDIUM
1,0,0,0,1,1,1,70,14.00011267803838,13.97,LOW
1,0,1,0,0,3,1,631,16.75571205392362,18.57,LOW
1,0,0,0,1,3,1,1174,15.044003904574845,5.95,LOW
1,0,0,0,1,1,0,528,16.95352067487748,0.0,LOW
1,0,0,0,0,4,1,576,17.537162167378824,6.26,LOW
1,1,1,0,1,2,2,1486,14.301517757422909,47.5,MEDIUM
1,0,0,0,1,0,0,1481,16.60928181463486,2.12,LOW
1,0,0,0,1,2,1,696,17.42188465137328,14.69,LOW
1,0,1,0,1,3,2,66,17.12094325780831,22.68,LOW
1,0,0,0,2,1,2,1019,13.693982619398499,17.27,LOW
1,0,1,0,1,4,0,1072,15.060982750726925,12.88,LOW
1,0,0,0,1,1,1,1371,14.591801443674534,19.49,LOW
1,1,0,0,1,0,0,1423,16.575820030661756,27.32,LOW
1,0,0,1,1,2,1,944,16.454659285834047,28.48,LOW
1,1,0,0,1,1,1,160,13.032318934265312,35.97,MEDIUM
0,1,1,0,0,1,0,374,15.669085216539374,61.12,HIGH
0,0,0,0,0,5,1,1075,16.880791813375218,31.65,MEDIUM
1,0,1,0,2,1,1,911,16.162773590346536,28.22,LOW
1,0,0,1,0,3,1,654,16.160893611449847,18.52,LOW
1,1,0,0,0,2,1,603,15.598506944609419,25.25,LOW
1,0,1,0,1,2,0,1065,14.835164964817853,19.86,LOW
1,0,0,0,0,1,0,633,15.981238593720468,0.14,LOW
1,0,1,1,1,2,0,232,16.057302796358638,45.37,MEDIUM
1,0,0,0,1,2,1,1469,16.67677997236625,9.94,LOW
1,0,0,0,0,1,0,524,16.76614991672501,0.38,LOW
0,0,0,0,0,3,1,418,16.094447561079566,29.07,LOW
1,1,0,0,0,0,0,104,17.204399201043316,15.31,LOW
1,1,0,0,0,4,0,703,15.587582865050653,25.7,LOW
1,0,0,0,0,0,0,1480,14.411572973132293,1.49,LOW
1,0,0,0,0,0,2,239,16.524759036360027,8.75,LOW
1,0,0,0,1,1,1,367,16.13901750982818,6.59,LOW
1,0,1,0,1,1,1,267,16.54662466724785,27.93,LOW
1,0,0,0,1,3,0,141,14.60910351688878,10.06,LOW
1,0,0,0,2,2,0,905,17.969875697472148,5.62,LOW
0,0,1,1,1,2,0,447,16.781552655030005,59.64,MEDIUM
1,0,0,0,1,5,1,1127,15.683203419900961,10.64,LOW
1,0,0,0,0,2,0,601,14.97100153943889,0.0,LOW
1,0,0,0,0,0,0,955,17.184868751475474,7.94,LOW
1,0,0,1,1,3,5,134,14.788053239729757,25.73,LOW
1,0,0,0,1,3,0,494,18.487501307271277,7.19,LOW
0,0,0,0,0,2,0,621,15.325474566110737,27.52,LOW
0,0,0,0,0,1,0,89,17.89255573606617,21.34,LOW
1,0,0,0,2,1,1,629,15.797078836420013,6.1,LOW
1,0,0,1,1,2,0,705,17.73882137970234,22.94,LOW
1,1,0,0,0,3,1,606,15.191644642490832,33.84,MEDIUM
1,0,0,0,1,3,0,756,16.02072001640137,2.96,LOW
1,0,0,0,0,0,0,1196,16.885224263187624,0.0,LOW
1,0,1,0,1,2,1,1156,16.728284850365405,27.08,LOW
1,0,0,0,2,1,0,21,17.210838017023672,16.89,LOW
1,0,0,0,2,1,0,961,15.46378067371828,12.63,LOW
1,1,0,0,1,4,1,1357,16.09328921013479,37.64,MEDIUM
1,0,0,0,1,1,0,1307,17.37322743359788,15.38,LOW
1,0,0,0,1,1,2,485,15.224218948109153,12.82,LOW
1,0,0,0,0,3,0,1175,16.62979516723024,0.0,LOW
0,0,1,0,1,1,0,1202,15.758923736244475,43.55,MEDIUM
1,0,0,0,0,1,1,549,16.226461517240867,0.0,LOW
1,0,0,0,1,3,3,1304,16.093005238055895,7.65,LOW
0,1,0,0,0,3,3,948,15.132888534136539,47.49,MEDIUM
1,0,0,0,0,1,3,1127,15.713237488665307,3.7,LOW
1,0,0,0,0,1,1,1121,16.159425477284376,5.05,LOW
1,0,0,0,2,2,2,1172,15.887003601416659,10.77,LOW
1,0,0,0,0,2,0,1436,17.73000954477366,0.0,LOW
1,0,1,0,1,2,0,1286,17.110951112497997,11.73,LOW
1,0,1,0,1,3,2,633,16.318978548342848,34.28,MEDIUM
1,0,0,0,0,0,0,843,15.160539199008547,1.69,LOW
1,0,0,0,2,0,2,973,15.093574598912252,5.36,LOW
1,1,0,0,1,3,0,1285,18.17119213880845,33.88,MEDIUM
0,0,1,0,0,3,0,589,14.889126020320585,50.61,MEDIUM
1,0,0,0,1,1,0,469,16.125245579965576,7.29,LOW
1,0,0,0,0,1,1,1107,16.397043585783546,0.0,LOW
1,0,0,1,2,2,1,1432,15.657543983368363,41.9,MEDIUM
1,1,0,0,1,1,0,1368,14.897575858964904,20.41,LOW
1,1,0,0,2,2,0,222,15.136613697092864,33.01,MEDIUM
1,1,1,0,0,2,0,1379,15.398844497465568,36.35,MEDIUM
1,0,0,0,0,2,0,1184,15.219557843992442,0.0,LOW
1,0,1,0,2,3,1,235,17.460492432499024,26.66,LOW
0,0,0,0,0,2,1,9,15.989961407180107,21.85,LOW
1,0,0,0,1,1,0,306,15.423818788737627,3.61,LOW
1,0,0,0,0,3,0,1395,16.117653848253926,8.17,LOW
1,0,0,0,3,2,1,1133,16.734751495824405,8.59,LOW
1,1,0,0,0,2,1,863,15.620918323336662,21.68,LOW
1,0,0,0,1,5,2,947,16.992179424693507,9.28,LOW
1,0,0,0,0,1,0,620,14.601738548207786,0.0,LOW
1,0,0,0,3,3,0,1358,17.288433995328056,9.14,LOW
1,0,0,1,2,4,0,234,15.990152426250557,21.99,LOW
0,0,0,0,1,2,1,471,15.9471864130731,31.21,MEDIUM
1,0,0,1,1,4,1,301,15.237684243088662,29.38,LOW
1,1,1,0,2,2,0,1272,14.649364856435245,43.36,MEDIUM
0,0,0,0,0,3,1,810,14.16666087060307,21.12,LOW
1,0,0,0,0,2,1,1026,15.160945664155236,3.67,LOW
0,0,0,0,3,0,0,1380,16.64644054266259,27.22,LOW
1,0,0,1,0,0,0,293,14.942593735464872,19.44,LOW
0,0,0,0,2,4,2,1447,14.29670699570326,42.43,MEDIUM
1,0,1,0,1,2,0,189,15.000028158078434,19.32,LOW
1,0,0,0,0,2,1,1132,15.576683350745252,0.0,LOW
1,0,0,0,0,2,2,1054,15.619948655071411,6.48,LOW
1,0,0,0,0,2,0,1238,15.858217800932959,0.56,LOW
1,0,0,0,0,2,2,237,17.135866980657067,3.67,LOW
0,0,0,1,3,0,1,1440,17.374179881900638,54.69,MEDIUM
1,0,0,0,0,2,1,1192,18.206008755928256,6.55,LOW
1,0,0,0,0,6,1,166,14.212601951631575,6.11,LOW
1,0,0,0,1,3,0,836,15.058527687630033,5.24,LOW
1,0,0,0,3,2,1,1226,16.76833367276573,23.66,LOW
1,0,0,0,1,2,1,715,15.500565662922472,12.52,LOW
0,0,0,0,0,0,1,571,16.946865116834154,28.03,LOW
1,0,1,0,1,1,0,413,16.22782477312631,19.57,LOW
1,0,0,0,1,2,1,774,17.73712463104048,1.08,LOW
1,0,0,0,2,1,0,1476,17.146987725325953,13.25,LOW
1,1,0,0,1,1,0,911,17.16711828921488,30.75,MEDIUM
1,0,0,0,3,4,1,1083,15.546941230436934,11.45,LOW
1,0,0,0,0,2,2,1170,15.892793069434902,3.18,LOW
1,0,0,0,2,4,0,1167,15.664221196675909,4.62,LOW
0,0,1,0,0,0,0,601,14.343518641985103,42.52,MEDIUM
1,0,0,0,1,2,0,1153,17.618946181045086,8.36,LOW
1,0,1,0,1,0,1,492,16.819926039727534,20.57,LOW
1,0,0,0,1,1,0,876,15.62047016351097,3.85,LOW
0,0,0,0,0,2,0,453,17.435051758205972,20.17,LOW
1,0,0,0,1,1,0,1410,15.306595588578128,0.0,LOW
0,0,0,0,1,3,0,1095,13.978052084699197,20.45,LOW
1,0,0,0,2,3,1,876,17.108106728182975,6.52,LOW
0,0,0,0,0,1,0,677,14.593583743572403,18.33,LOW
1,0,0,0,1,1,0,780,15.784646987813618,5.57,LOW
1,0,0,0,0,3,0,1170,16.226735344862135,6.43,LOW
1,0,0,0,1,0,0,410,16.42401187921264,2.67,LOW
1,0,0,0,1,4,0,1243,16.933241161824174,13.6,LOW
1,0,1,0,0,1,0,422,16.638936568894263,11.5,LOW
0,0,0,0,0,2,0,212,16.60488177921823,23.0,LOW
0,0,0,0,0,1,1,1106,15.13017303973786,24.18,LOW
1,0,0,0,0,1,0,1063,16.323667912994424,6.4,LOW
1,0,0,0,2,1,1,502,14.343895032944882,9.44,LOW
1,0,1,0,0,0,2,973,17.718351468298113,18.47,LOW
1,0,0,0,0,2,0,1093,14.457178693799953,0.0,LOW
1,0,0,1,0,3,1,1182,15.618916177368021,17.56,LOW
1,0,0,0,1,4,0,1430,14.549238337070538,11.98,LOW
1,1,0,0,1,1,1,1282,15.196817085547783,20.72,LOW
1,0,0,0,1,2,3,659,16.014771256975255,16.22,LOW
0,0,0,0,0,2,1,345,15.418366091632398,27.78,LOW
1,0,0,0,1,2,4,146,17.258670883960185,6.86,LOW
0,0,0,0,0,2,0,861,16.249591117559078,19.39,LOW
1,0,0,0,1,5,1,1000,15.490799297848548,18.35,LOW
1,0,0,0,0,2,0,1037,15.85305987702855,8.8,LOW
1,0,1,0,0,1,0,14,17.34167050276153,22.34,LOW
1,1,0,0,0,0,1,1052,16.99975797161291,28.11,LOW
1,0,0,0,0,2,0,1181,14.747352016583047,0.0,LOW
0,0,0,1,0,0,0,1083,15.251283114446435,41.44,MEDIUM
1,1,0,0,1,2,0,789,16.52226880055281,27.25,LOW
1,0,0,0,2,2,0,22,16.388703244629742,15.15,LOW
1,0,0,0,0,1,0,735,14.844580304461362,10.13,LOW
1,0,1,0,3,2,1,967,16.824039248237288,27.28,LOW
1,0,0,0,0,3,0,854,15.020038445794965,0.0,LOW
1,0,0,0,0,2,0,862,17.434209451241976,0.0,LOW
1,0,0,0,1,3,1,775,16.582394071874585,7.7,LOW
1,0,0,0,1,2,0,828,14.754883104289707,0.87,LOW
0,0,0,0,0,0,0,485,15.418015628390247,23.5,LOW
1,0,0,0,1,0,1,908,15.398893324018513,0.0,LOW
1,0,1,0,1,2,4,422,16.175864393432565,29.13,LOW
1,0,0,0,1,0,0,737,15.77562541218626,0.0,LOW
1,1,0,0,2,3,0,623,14.739962195280038,35.05,MEDIUM
1,0,0,0,0,3,0,1072,14.466314939155167,0.47,LOW
0,0,1,0,1,2,0,1343,16.603925667837647,50.76,MEDIUM
1,0,0,0,0,2,1,950,16.31486055102058,3.85,LOW
1,0,0,0,0,3,0,203,16.116091312925533,12.31,LOW
1,0,1,0,0,1,1,1001,16.297805044856506,19.94,LOW
1,0,0,0,0,1,0,487,15.319188937722462,8.13,LOW
1,0,1,0,1,2,0,74,16.202391593552658,18.55,LOW
0,1,0,0,1,2,1,288,18.792356121482694,56.24,MEDIUM
1,0,0,0,0,1,1,1500,17.292023832821858,8.54,LOW
1,0,0,0,0,2,0,641,15.68275070394418,6.17,LOW
0,0,0,0,2,2,1,302,15.424291078188636,34.61,MEDIUM
1,1,0,0,0,2,0,200,12.853516662759276,25.71,LOW
0,0,0,0,0,1,0,976,17.175563568283167,22.14,LOW
1,0,0,0,0,1,0,1141,16.865265889152294,6.64,LOW
1,0,0,1,1,2,1,530,15.401789233795858,31.79,MEDIUM
1,0,0,0,2,3,2,155,14.42512154883516,8.78,LOW
1,0,0,1,1,3,0,532,14.729205812491301,20.22,LOW
0,1,0,0,1,1,1,998,16.488837648727365,49.02,MEDIUM
1,1,0,0,1,2,1,171,15.901725192971234,36.52,MEDIUM
1,0,1,0,0,0,2,401,16.76075121936801,12.96,LOW
1,0,0,0,1,5,2,3,16.095087452205,21.65,LOW
1,0,0,0,0,3,0,708,17.063434715328132,5.05,LOW
1,1,0,0,1,0,0,255,16.406532654431473,26.43,LOW
0,0,0,0,2,2,0,300,16.91167491817675,38.48,MEDIUM
1,0,0,0,0,2,1,169,13.70134824798587,0.0,LOW
1,0,0,0,0,0,0,1096,14.642219872452793,8.6,LOW
1,0,0,1,1,0,1,734,15.59921316312361,24.99,LOW
1,0,1,0,1,2,1,1423,17.187525663390268,10.36,LOW
0,1,0,0,0,1,1,592,18.068582698674515,58.62,MEDIUM
1,1,0,0,1,0,1,332,15.819340639374435,35.78,MEDIUM
1,1,1,0,2,1,0,306,15.327261929723003,45.93,MEDIUM
1,0,1,0,0,1,0,1430,13.849534601316417,10.55,LOW
0,0,0,0,0,2,0,885,16.94992014048048,15.57,LOW
1,0,0,0,1,0,1,488,15.394790367286076,17.34,LOW
1,0,0,0,1,0,0,981,19.25416813629397,0.0,LOW
1,0,0,0,3,2,0,837,15.186655687962036,4.93,LOW
1,0,0,0,1,2,1,172,18.315802606546733,7.69,LOW
1,0,0,0,0,0,0,1053,16.823204121946215,0.0,LOW
1,0,0,0,0,1,3,178,14.868909160746497,0.1,LOW
1,0,0,0,0,1,0,299,16.255358167507946,5.9,LOW
1,0,0,0,1,4,2,1070,16.848518579205514,11.67,LOW
1,0,0,0,0,3,0,667,15.752222588231758,0.22,LOW
1,0,0,1,2,1,0,333,16.92178098160753,26.02,LOW
0,0,0,0,1,2,1,101,16.897552875283527,26.22,LOW
1,0,0,1,1,2,1,891,16.655972350653546,24.49,LOW
1,0,1,0,0,3,1,1046,15.981879295147744,14.57,LOW
1,0,1,0,0,1,0,304,14.70756590176326,12.55,LOW
0,0,1,0,1,2,0,625,15.915536086977243,38.69,MEDIUM
1,0,1,0,1,5,2,516,16.193671130087427,21.05,LOW
1,0,1,0,0,2,2,1338,13.936344041858392,24.67,LOW
0,0,0,0,0,1,3,1187,16.186158847590477,31.4,MEDIUM
1,0,0,0,0,1,1,411,15.893518608708842,0.0,LOW
1,0,0,0,0,1,0,770,14.57371132213655,0.0,LOW
1,0,0,0,1,0,2,1386,15.633692970239068,5.48,LOW
1,0,0,0,0,2,0,518,15.656969018482272,12.66,LOW
1,0,0,0,1,4,1,211,18.12310398684276,2.45,LOW
1,0,1,0,0,0,0,447,16.242130180795105,13.98,LOW
1,0,0,0,0,4,2,911,17.13964977644606,6.39,LOW
1,0,1,1,1,3,1,1489,15.870403165060287,39.81,MEDIUM
0,0,0,0,1,1,0,462,13.938691831481407,23.92,LOW
1,0,0,0,1,3,2,87,16.739576033703784,14.51,LOW
1,0,0,0,1,2,0,272,15.275994597453705,7.17,LOW
1,0,0,0,0,4,0,619,15.630839857013298,7.35,LOW
1,0,0,0,0,2,0,140,14.841731625972983,4.54,LOW
1,0,0,1,3,1,0,52,16.080044650313496,33.89,MEDIUM
1,1,1,0,1,1,0,984,17.171696197784698,53.03,MEDIUM
0,0,0,0,0,1,1,1237,17.026011919322087,31.35,MEDIUM
1,0,0,0,1,2,1,349,17.744808458563682,18.35,LOW
1,1,0,0,1,0,2,784,17.90075540374952,38.53,MEDIUM
0,0,0,0,0,8,0,859,13.749538346715955,24.68,LOW
1,0,0,0,1,5,1,1002,14.687017382977954,12.91,LOW
1,0,0,0,0,6,0,1470,14.010989263840791,8.13,LOW
1,0,0,1,0,1,0,1328,16.69512345142855,29.22,LOW
1,0,0,0,1,1,1,474,15.237610037820932,0.54,LOW
1,0,0,0,0,2,1,1464,15.461901634971678,5.86,LOW
0,1,0,0,3,2,1,52,15.7617428248798,57.58,MEDIUM
1,0,0,0,0,1,2,1443,16.420827756899826,6.36,LOW
1,0,0,0,1,0,0,214,14.366146847192898,2.22,LOW
1,0,0,0,2,0,2,171,14.615250191102504,12.12,LOW
0,0,0,0,0,4,0,179,16.001425827184217,17.87,LOW
1,0,0,0,1,3,0,183,17.318620529769916,9.67,LOW
1,0,0,0,0,0,0,695,15.972062856423808,1.07,LOW
1,0,0,0,1,2,0,960,15.129174322979765,5.6,LOW
1,0,0,0,3,3,0,1117,13.6369704516286,22.33,LOW
1,0,0,0,1,1,0,23,17.047943143566307,9.5,LOW
1,0,1,1,1,2,3,444,15.190475185670472,44.37,MEDIUM
1,0,0,0,0,1,1,198,14.737819392673106,2.74,LOW
1,0,1,1,0,1,1,218,14.11314225089534,36.58,MEDIUM
1,0,0,0,5,3,2,1120,14.416989107743838,33.37,MEDIUM
1,0,0,0,3,1,0,961,14.942664357500762,11.07,LOW
1,0,0,0,0,3,1,315,15.737266390186434,0.76,LOW
1,0,0,0,1,4,0,452,14.670384124763277,16.0,LOW
1,0,1,0,0,1,0,1388,16.2042788413024,13.96,LOW
1,0,0,0,0,0,0,863,15.728907486090087,0.0,LOW
1,0,0,0,0,2,1,358,18.44419151810298,0.0,LOW
1,0,0,0,0,3,0,1401,14.12511257196807,0.0,LOW
1,0,0,0,3,1,2,298,16.17762737334362,4.37,LOW
1,0,0,0,0,1,1,437,16.19140548794505,0.34,LOW
0,0,1,0,0,1,1,1039,14.866386855684537,38.9,MEDIUM
1,0,0,0,0,2,1,769,16.104777637192207,9.08,LOW
1,0,1,0,0,2,1,103,16.84655380304739,21.04,LOW
1,1,0,1,2,2,1,1211,16.106140630813616,57.1,MEDIUM
1,0,0,0,0,1,0,342,17.522909173301823,0.0,LOW
1,1,0,0,0,2,2,1038,13.604543620095127,34.96,MEDIUM
1,0,1,0,0,1,0,501,15.073543245917007,22.77,LOW
0,1,0,0,0,1,0,1127,17.62256165195404,50.93,MEDIUM
1,1,0,0,1,4,1,1348,17.003228966590235,35.89,MEDIUM
1,0,0,0,1,1,0,1159,16.594562882392918,0.0,LOW
1,0,0,0,0,3,1,1382,17.356536947171406,9.17,LOW
1,1,0,0,0,2,0,810,13.891786333428053,36.64,MEDIUM
1,1,0,0,0,0,1,97,16.875171728995102,29.08,LOW
1,1,0,0,0,3,2,804,17.170807178661367,28.03,LOW
1,0,0,1,1,0,2,692,15.275429817206689,23.97,LOW
0,0,0,0,2,2,1,1079,18.89216082968035,29.67,LOW
1,0,1,0,0,0,0,373,16.215983860468263,12.95,LOW
1,0,0,0,0,0,1,1047,13.587954053240605,4.84,LOW
1,0,1,0,0,3,0,662,16.41939919772713,18.49,LOW
1,0,1,0,1,2,1,1005,15.208153967011661,26.32,LOW
1,0,0,0,0,1,3,630,17.28149480132247,7.11,LOW
1,0,0,1,0,2,0,573,16.602738436730426,15.52,LOW
0,0,0,0,0,2,1,321,15.34228572049619,22.59,LOW
1,0,0,0,1,0,1,1243,17.652697110089186,1.9,LOW
1,0,0,0,0,1,0,103,17.03339643657724,0.0,LOW
1,0,0,0,0,2,0,354,15.089288013549687,10.79,LOW
1,0,0,0,1,1,1,640,15.832750411383067,15.69,LOW
1,0,0,0,1,1,2,233,16.568608469840488,11.37,LOW
1,0,1,0,0,3,1,1376,15.599310410950116,19.13,LOW
1,1,0,0,1,1,0,518,15.63216065576802,22.94,LOW
1,0,0,0,0,1,2,363,16.04039753109093,4.84,LOW
0,0,1,0,1,0,2,381,14.82762155755887,39.24,MEDIUM
1,0,0,0,0,4,0,287,13.543958127565336,11.42,LOW
0,0,0,0,1,4,0,995,16.263048348565242,20.19,LOW
1,0,1,0,0,1,0,722,13.812210055775296,17.55,LOW
1,1,0,0,0,2,1,346,14.907657426540807,24.36,LOW
1,0,0,0,1,0,0,1310,14.051259405156571,3.28,LOW
0,0,0,0,0,1,3,985,14.186711107462566,30.86,MEDIUM
1,0,1,0,1,6,2,604,16.46899069153122,30.85,MEDIUM
0,0,0,0,1,1,0,770,15.75546101843392,25.98,LOW
1,0,0,0,0,0,0,984,15.715759498985063,3.95,LOW
1,0,0,0,1,1,1,228,14.55250803801359,2.12,LOW
0,0,0,0,0,2,1,1213,15.278566002277582,26.46,LOW
1,1,0,1,1,3,0,387,16.414100675131206,55.2,MEDIUM
1,0,0,0,2,4,0,44,15.942704008162849,11.35,LOW
1,0,1,0,2,4,3,783,16.904941467146184,26.14,LOW
1,1,0,0,0,4,0,1315,17.061601213338506,27.44,LOW
1,0,0,0,1,0,0,1100,15.722558155915968,8.6,LOW
1,0,0,0,0,2,0,463,13.962525785487458,0.0,LOW
1,0,0,0,0,2,0,597,15.167690611027162,0.0,LOW
1,0,0,0,1,3,2,894,15.892541791040038,11.64,LOW
1,0,0,0,1,0,0,349,15.145864242795474,1.06,LOW
1,0,0,0,0,0,0,1230,14.839913367532871,0.0,LOW
1,0,0,0,1,2,1,442,16.076727512645835,13.3,LOW
1,0,0,0,0,0,0,325,18.67333341300661,0.0,LOW
1,0,0,0,0,1,1,142,15.462993131759987,1.19,LOW
1,0,0,0,1,2,0,1040,15.996913562259047,1.6,LOW
1,0,1,0,0,7,1,37,14.556760535045912,19.94,LOW
1,0,0,0,0,5,0,1209,17.367741160545666,0.0,LOW
1,0,1,0,0,2,1,1460,16.962217347686565,21.48,LOW
0,1,1,0,0,2,0,166,16.886307553412507,65.02,HIGH
1,0,0,0,1,2,0,144,17.49577539243522,9.92,LOW
1,0,1,0,0,1,0,1402,15.529924509835713,12.4,LOW
1,1,0,0,1,2,1,187,15.667340398169816,43.28,MEDIUM
1,0,0,1,0,1,2,611,17.880866385075315,12.35,LOW
1,0,0,0,0,1,0,1307,16.696000913239015,0.0,LOW
1,0,0,0,0,1,0,208,13.558855996521423,9.83,LOW
0,0,0,0,1,0,0,995,16.500303073200712,28.01,LOW
1,0,0,0,0,2,0,574,15.360132133153444,3.25,LOW
1,0,0,0,0,2,1,654,16.987989007122323,5.2,LOW
0,0,0,0,0,0,1,1397,16.449009516362192,26.67,LOW
1,0,0,0,0,1,1,974,14.085402959574921,3.78,LOW
1,0,0,0,0,2,0,479,16.295713187545026,0.0,LOW
0,0,0,0,1,3,1,1403,16.231690499976768,33.5,MEDIUM
0,0,0,0,2,4,2,871,16.399808735111264,38.24,MEDIUM
1,0,0,0,3,2,0,149,16.63308173710464,18.89,LOW
1,0,0,0,0,3,0,589,17.645562555803906,11.37,LOW
1,0,0,0,0,2,1,365,16.45527788857573,4.68,LOW
1,0,0,0,0,5,4,964,16.025188306521912,3.26,LOW
1,0,0,0,0,3,0,1291,17.262764309607046,11.41,LOW
1,0,0,0,0,2,0,58,18.467014795948746,0.0,LOW
1,0,0,0,0,0,1,1171,17.0065778295849,3.23,LOW
1,0,0,0,0,3,0,1375,16.2268267394889,0.89,LOW
1,0,0,0,2,3,1,1492,16.47578360474581,8.14,LOW
1,0,0,0,0,0,0,992,16.281648135338084,3.96,LOW
1,0,0,0,2,2,1,471,16.02037025680066,10.9,LOW
0,0,0,0,1,1,1,218,18.381687914657018,30.44,MEDIUM
1,0,0,0,0,2,1,1418,15.176041288251923,0.0,LOW
1,0,0,0,2,1,1,619,17.27039641106697,7.99,LOW
1,0,0,1,0,1,1,515,15.86155736302937,16.75,LOW
1,0,0,0,0,4,2,1101,14.371538912847404,4.89,LOW
1,0,0,0,0,0,0,1073,15.792850482054842,0.0,LOW
1,0,0,0,2,1,0,1214,15.398546582870694,16.97,LOW
1,0,0,0,0,3,2,1324,16.635335050259425,3.84,LOW
1,1,1,0,0,2,1,1316,16.10043024492443,32.68,MEDIUM
0,0,0,0,0,0,1,256,14.875770449987234,30.94,MEDIUM
1,0,0,0,1,0,1,254,17.618108704838686,7.14,LOW
1,0,0,0,1,1,1,308,17.1991474049233,4.88,LOW
1,0,1,0,2,1,0,941,17.744661085306042,19.96,LOW
1,0,0,0,1,0,0,872,16.26066113047493,0.0,LOW
1,0,1,0,1,5,2,1286,15.96069362489124,34.86,MEDIUM
1,1,0,1,0,1,0,1266,16.773916530880484,45.45,MEDIUM
1,1,0,0,0,5,1,1220,15.364777476987008,22.1,LOW
0,0,0,0,0,3,3,118,16.14306551019182,30.59,MEDIUM
1,0,0,0,0,1,0,1044,15.806754310746499,6.99,LOW
1,0,0,0,1,1,1,1277,14.392862251091087,6.37,LOW
1,0,1,0,0,1,0,1474,16.14020105532298,10.88,LOW
0,0,0,0,2,1,1,515,15.514936419082368,25.97,LOW
1,1,1,0,1,0,0,1165,15.733192619579865,39.32,MEDIUM
1,0,0,1,0,2,0,609,16.40016344021495,27.89,LOW
0,0,0,0,1,0,2,241,17.39978644738529,28.15,LOW
0,0,0,0,0,3,2,510,15.066352900397224,18.7,LOW
1,0,0,0,0,3,1,377,15.629785963357707,5.7,LOW
1,0,0,0,1,0,1,1368,15.158409034004208,5.55,LOW
1,1,0,0,1,0,0,263,15.086801353421109,26.93,LOW
0,0,0,0,1,4,1,196,15.34597416198525,24.71,LOW
1,0,0,0,0,2,1,870,15.783904688903286,0.0,LOW
1,0,0,0,1,1,1,861,16.644458822565255,11.19,LOW
1,1,0,0,0,5,0,842,16.352490341263323,30.91,MEDIUM
1,0,0,0,0,3,0,222,14.837457301008426,4.7,LOW
1,0,0,0,0,1,2,748,17.423576356308867,4.97,LOW
1,0,0,1,0,3,1,1393,17.03885353712474,23.92,LOW
1,0,0,0,1,1,1,134,15.008695784329326,3.13,LOW
0,1,0,0,1,1,1,1197,17.346521981111515,52.64,MEDIUM
0,0,0,0,0,2,0,188,16.359632253855903,29.74,LOW
1,1,0,0,0,2,0,350,15.82789916678223,34.74,MEDIUM
1,0,1,1,0,3,0,1348,16.393888048927245,29.22,LOW
1,0,0,0,0,1,1,446,15.971652124811925,1.14,LOW
1,0,1,1,1,2,1,784,16.59958651992955,43.98,MEDIUM
1,0,0,0,1,1,1,572,16.206047075444285,15.31,LOW
0,0,0,0,0,2,1,921,15.628831342500577,34.42,MEDIUM
1,0,0,0,0,5,4,608,13.771590564922478,5.5,LOW
1,0,0,0,0,4,1,666,16.579900794695117,11.06,LOW
0,0,0,0,2,1,0,1226,15.588979193774593,29.93,LOW
1,1,0,0,1,4,1,831,16.85574127060977,39.12,MEDIUM
1,0,0,0,0,1,0,847,16.52984256850329,4.83,LOW
1,0,0,0,1,0,1,1209,15.61756936772839,0.0,LOW
1,0,0,1,0,3,0,642,17.12528701018507,23.59,LOW
1,0,0,0,3,3,0,1236,16.225325828020228,17.44,LOW
1,0,0,0,1,0,2,1079,16.180007132115897,6.19,LOW
0,0,0,0,0,1,1,1326,15.848078244560543,23.17,LOW
1,0,0,0,0,2,1,687,17.851911283463778,0.0,LOW
1,0,0,0,3,2,1,838,15.215406597994775,16.51,LOW
1,0,0,0,0,1,0,192,15.64505800879504,1.82,LOW
1,0,0,0,0,3,1,167,14.638931340412004,0.0,LOW
1,0,0,0,1,1,1,161,16.799404185056957,3.87,LOW
1,0,0,0,0,1,0,950,15.359636093006559,1.54,LOW
1,0,0,0,1,1,1,489,15.482960860101047,2.66,LOW
1,0,0,0,1,4,1,433,15.431369704627102,7.79,LOW
0,0,0,0,1,2,0,904,16.068994107668626,17.96,LOW
1,0,0,1,0,3,0,597,14.62416445687494,27.74,LOW
1,0,0,0,0,0,0,202,13.532430207287513,0.08,LOW
1,1,0,0,0,0,1,836,16.50347444113205,21.71,LOW
0,0,1,0,1,2,1,825,13.675086523175919,30.58,MEDIUM
1,0,0,0,0,2,0,209,16.93955156237512,6.82,LOW
1,0,0,0,1,3,0,404,17.71438052448866,8.45,LOW
1,0,0,0,1,1,0,356,15.819353815671464,5.17,LOW
1,0,0,0,0,0,0,1043,17.42944224139254,4.48,LOW
1,0,1,0,1,2,1,373,15.97331793850246,25.58,LOW
1,0,0,0,0,3,1,42,17.75916527498566,4.71,LOW
1,0,0,0,0,0,1,400,15.498160362675469,0.16,LOW
1,1,1,0,1,2,0,704,13.398630009625766,43.39,MEDIUM
0,0,0,0,1,2,1,1154,15.912097081482848,30.7,MEDIUM
1,0,0,0,0,3,1,78,17.878759512751813,10.95,LOW
1,0,0,0,5,1,1,1322,16.58846513653446,18.36,LOW
1,1,0,0,2,3,1,496,15.433144448608372,43.95,MEDIUM
1,0,0,0,0,5,2,514,16.361791286213204,8.6,LOW
1,0,0,0,1,3,0,23,17.068237322297808,14.94,LOW
1,0,1,0,1,2,0,414,15.905821917194082,32.1,MEDIUM
0,0,1,0,0,1,0,704,18.88902909387662,46.35,MEDIUM
0,0,0,0,1,3,1,939,15.430840247828565,37.96,MEDIUM
0,0,0,0,2,3,2,1151,17.102761794249222,29.94,LOW
0,0,0,0,1,0,1,784,16.83813096012998,38.4,MEDIUM
0,1,0,0,2,3,1,150,15.230189832832137,58.09,MEDIUM
1,0,0,0,1,5,2,587,15.53311570591756,8.82,LOW
1,0,0,0,1,3,3,1103,17.1199085122273,0.0,LOW
1,0,0,0,0,3,1,959,16.159266676364666,5.4,LOW
1,0,0,0,1,2,0,876,16.3718788994,0.0,LOW
1,0,0,0,0,1,1,763,14.200435910925206,4.34,LOW
0,0,0,0,1,4,0,757,16.721598520678313,22.5,LOW
1,0,0,0,1,2,2,1490,16.316026528490823,17.1,LOW
1,0,0,0,1,0,0,899,15.92969897509473,6.19,LOW
1,0,0,0,0,1,1,896,16.396981049364985,14.04,LOW
1,0,1,0,0,2,0,504,15.549860522163325,10.99,LOW
1,0,0,0,0,3,0,735,15.348907245728178,10.26,LOW
0,0,1,0,1,1,0,1066,15.733925915196979,31.76,MEDIUM
1,0,0,0,0,3,0,1287,15.489376503849872,3.3,LOW
1,0,0,0,1,2,1,1170,18.39858251714752,3.02,LOW
1,0,1,0,0,3,0,994,17.003057801727948,14.71,LOW
1,0,0,0,0,2,2,1168,14.934684183631129,1.77,LOW
1,1,0,0,0,1,1,49,18.239925602486927,23.41,LOW
1,1,0,0,4,2,3,404,15.523857727420056,38.65,MEDIUM
1,0,0,0,0,3,1,364,16.032400904210714,1.41,LOW
1,0,0,0,2,1,1,981,16.98715891442445,9.49,LOW
0,0,0,0,0,3,0,1130,13.833012601712623,30.48,MEDIUM
1,0,1,0,2,1,0,222,15.739271568364934,23.75,LOW
0,0,0,0,1,2,0,289,15.369332763936116,33.09,MEDIUM
1,0,0,0,0,2,0,743,16.225588087498547,0.0,LOW
1,1,0,0,1,1,0,1453,16.407054651591988,27.75,LOW
0,0,1,0,1,0,1,3,15.915014698134414,52.95,MEDIUM
1,0,0,1,0,0,0,1320,15.863987972003113,20.3,LOW
1,0,0,0,0,3,0,290,17.17164450989899,0.0,LOW
1,0,0,0,1,3,1,403,16.33163452336744,11.88,LOW
1,1,0,0,0,3,3,948,16.045567511057136,29.84,LOW
1,0,0,1,1,4,1,1093,16.162657650606153,22.27,LOW
0,1,0,0,0,3,1,1312,18.01947789728324,54.38,MEDIUM
0,0,0,0,0,0,1,8,16.189941374682515,31.14,MEDIUM
1,0,0,0,1,0,0,73,15.434106644537724,0.62,LOW
1,0,0,0,1,0,0,717,13.900101002527835,0.45,LOW
1,0,0,0,2,2,1,838,14.422668888561551,4.08,LOW
1,0,0,0,0,2,0,391,15.486271515412263,0.0,LOW
1,0,0,0,0,3,1,955,15.880785471650437,9.41,LOW
0,0,0,0,1,1,1,398,15.388816394428737,29.05,LOW
0,0,0,0,0,2,0,1399,16.38625837475039,28.67,LOW
1,0,0,0,2,1,1,266,15.37464115104086,11.56,LOW
1,0,0,0,1,3,3,983,14.994061802851027,6.83,LOW
1,0,0,0,1,0,0,796,16.673908218893153,0.0,LOW
1,0,0,0,0,2,1,154,17.506333946565814,0.0,LOW
1,0,0,1,1,1,1,907,14.782115642478797,20.59,LOW
1,0,0,0,0,2,1,220,16.268087450078593,0.0,LOW
1,0,0,0,1,2,2,809,13.9044948760308,12.86,LOW
1,0,0,0,0,4,0,954,14.378008056200125,8.0,LOW
0,0,0,0,1,2,0,108,15.35235758922511,38.51,MEDIUM
1,0,0,0,1,0,0,323,17.248401475614912,0.0,LOW
0,1,0,0,1,4,0,443,15.143423367323978,62.73,HIGH
1,0,0,0,0,2,1,1393,15.102289477757896,11.21,LOW
1,0,0,0,0,1,0,331,16.039696010083894,0.0,LOW
1,0,0,0,0,1,1,1381,16.040791972264834,4.68,LOW
1,0,1,0,1,1,0,801,15.136355379969864,25.32,LOW
1,0,0,0,2,0,1,1423,18.184843723989562,7.84,LOW
1,0,1,0,1,0,1,1247,15.708100289573089,18.92,LOW
0,0,0,0,0,2,3,439,16.124943480659887,24.9,LOW
1,0,0,0,1,2,0,840,15.558042508518513,0.0,LOW
1,0,0,0,2,0,3,1076,16.4839687183663,11.48,LOW
1,0,0,0,0,3,1,117,17.358453315674527,0.02,LOW
1,0,1,0,0,1,2,995,17.83003006665003,12.94,LOW
1,0,0,0,2,1,1,689,15.161507757209732,11.08,LOW
1,1,1,0,1,3,0,53,17.210874693931334,38.77,MEDIUM
0,0,0,0,1,1,0,1301,16.60464890150612,30.48,MEDIUM
1,1,1,0,0,1,2,398,17.071990270406086,46.95,MEDIUM
1,0,1,0,0,0,2,1312,15.898932800037922,15.7,LOW
1,0,0,1,0,1,2,310,15.7942551493896,21.89,LOW
1,0,0,0,0,2,2,813,17.029286110285394,0.0,LOW
0,0,0,0,0,2,1,556,17.050161756661915,29.08,LOW
1,0,0,0,0,1,1,1340,17.722292620248076,3.19,LOW
1,0,1,1,0,1,0,1430,16.21840231099554,35.43,MEDIUM
1,0,0,0,0,3,0,1155,15.882393909601767,4.82,LOW
1,1,0,0,2,1,1,1269,13.294161062006376,31.48,MEDIUM
1,0,0,0,1,3,0,1154,14.227613408205132,0.0,LOW
1,0,0,0,1,2,1,440,15.566323234298267,11.26,LOW
1,0,1,0,0,4,1,1381,14.788835175629163,22.83,LOW
1,0,0,0,3,3,0,795,16.89554362197657,9.45,LOW
0,0,0,0,0,0,3,515,14.55897694226315,28.79,LOW
1,0,1,1,1,1,0,288,15.448565238814684,43.93,MEDIUM
1,0,0,0,2,0,1,1065,15.491770857547662,14.05,LOW
1,0,0,0,0,2,1,416,17.32521739173939,0.04,LOW
0,0,0,0,0,5,1,979,15.330937376078392,19.69,LOW
1,0,0,0,0,5,0,97,16.49765332985279,0.0,LOW
1,0,0,0,2,2,0,952,16.215276740274987,6.53,LOW
1,1,1,1,1,3,1,964,16.993617333992006,73.88,HIGH
1,1,0,1,1,1,1,787,16.93523655732813,46.22,MEDIUM
1,0,1,0,2,1,1,986,15.9632158758435,20.61,LOW
1,0,1,0,1,3,1,1491,14.134076036132102,18.65,LOW
1,0,0,0,0,1,0,1258,15.745085024689807,0.0,LOW
0,0,0,0,3,2,0,659,15.978048791014633,33.65,MEDIUM
1,0,0,0,2,4,0,1308,16.314610156468056,2.99,LOW
1,0,0,0,0,2,1,1432,15.188689340257108,8.59,LOW
1,0,0,1,0,3,2,240,17.254991230249473,22.95,LOW
1,1,0,0,1,5,1,538,16.014981360146493,47.3,MEDIUM
1,0,0,0,0,4,0,1115,14.987452917406662,0.0,LOW
1,0,0,0,0,3,0,772,15.495949377384152,10.47,LOW
0,0,0,0,1,1,0,202,18.121396919363512,33.51,MEDIUM
1,1,0,0,4,2,0,709,16.730815682241147,38.61,MEDIUM
1,0,0,0,1,0,3,560,17.153302211120845,5.73,LOW
1,0,0,0,1,2,1,1108,14.854254333315245,1.52,LOW
0,1,0,0,2,0,0,773,15.24228733859782,50.1,MEDIUM
1,1,0,0,1,1,1,210,15.25043546353063,31.48,MEDIUM
1,0,1,0,0,1,0,74,16.202833111347484,15.66,LOW
0,0,1,0,0,2,2,431,15.808597985805886,33.17,MEDIUM
1,0,0,1,0,1,0,235,15.461556147617276,31.15,MEDIUM
0,0,0,0,2,1,0,1315,15.5995234482462,28.28,LOW
1,0,0,0,2,0,1,406,15.126561294657423,8.49,LOW
1,1,0,0,0,2,0,952,15.802176784408449,24.16,LOW
1,0,0,0,1,0,0,191,17.224537142217123,1.95,LOW
0,0,0,0,1,5,2,663,14.33554671329527,30.37,MEDIUM
1,0,1,0,1,2,1,1402,16.38112737699875,21.1,LOW
1,0,1,0,0,1,1,965,17.518101964367585,16.96,LOW
1,0,1,0,1,0,0,432,15.798494191577877,22.32,LOW
1,0,0,0,0,1,0,1122,15.418236367939514,1.92,LOW
1,0,0,0,1,3,3,752,17.01665463454565,13.65,LOW
1,0,1,0,0,2,0,352,14.917355935444272,16.25,LOW
0,1,0,0,0,1,1,1495,15.975039317067395,51.57,MEDIUM
1,0,0,0,1,2,0,1407,14.8561714895757,3.56,LOW
1,0,0,0,0,2,1,850,13.942888932973291,8.16,LOW
1,0,0,0,0,1,1,49,15.832817308725724,3.9,LOW
1,0,0,0,0,1,0,617,14.610265430406319,0.0,LOW
1,0,0,0,1,2,1,771,15.987162435337915,5.32,LOW
1,0,0,0,0,4,2,1395,17.226532586818777,5.36,LOW
1,0,0,0,1,2,0,1100,18.039680947347584,4.97,LOW
1,0,0,0,0,3,1,333,16.10288221233753,3.41,LOW
1,0,0,0,2,3,1,765,17.12113741517316,7.47,LOW
1,0,0,0,0,0,1,269,16.438858915117297,5.45,LOW
1,0,1,0,0,2,2,711,15.578575024737436,23.55,LOW
1,0,0,1,0,2,0,803,13.882746010676016,29.25,LOW
1,0,0,1,1,1,1,765,17.78914155979033,20.94,LOW
1,0,0,0,2,2,0,641,14.845987591790765,11.6,LOW
0,0,0,0,1,3,1,656,17.521048002559546,19.36,LOW
1,0,1,0,0,1,1,1196,16.590488392188476,21.34,LOW
1,0,0,0,1,0,0,759,14.926385936227906,0.0,LOW
1,0,0,0,1,3,0,63,16.34319819800085,0.45,LOW
1,0,0,0,0,2,2,1111,18.346202167413864,6.17,LOW
1,0,0,0,1,2,1,927,17.68921783895015,3.07,LOW
1,1,1,0,1,1,1,1044,15.436015638252107,42.36,MEDIUM
1,0,0,0,0,2,2,1066,15.21682116599685,1.93,LOW
0,1,1,0,0,0,0,259,16.11022884104768,66.75,HIGH
1,0,1,0,1,0,0,1458,15.81793489813318,13.31,LOW
1,0,0,0,1,1,0,1486,17.319711124207004,3.79,LOW
1,0,0,0,0,0,1,218,16.813548050063986,0.0,LOW
0,0,0,0,0,1,2,328,14.138534238318735,30.18,MEDIUM
1,1,0,1,0,1,0,369,16.504542780966304,49.58,MEDIUM
1,0,0,0,1,3,0,1450,15.802999943045895,0.0,LOW
1,0,0,0,1,2,2,1399,16.04081894963087,13.2,LOW
1,0,0,0,1,2,1,397,16.273837315686723,3.13,LOW
0,0,0,0,2,2,0,946,17.31860190580426,31.6,MEDIUM
1,0,0,0,1,2,2,365,17.075572259900625,2.91,LOW
1,0,0,0,0,0,3,57,15.175282985243975,6.37,LOW
1,0,0,0,1,4,0,345,15.935526835541364,19.53,LOW
1,0,1,0,4,2,0,116,15.506626467857068,30.29,MEDIUM
0,0,0,0,1,3,1,1272,14.149969434202742,26.87,LOW
1,0,0,0,0,2,0,1178,15.8796924416388,0.28,LOW
1,0,0,0,0,2,0,276,18.029229870315007,0.0,LOW
0,0,0,0,0,1,0,851,14.116752266875277,30.48,MEDIUM
0,0,0,0,2,3,1,307,15.973532026973926,34.21,MEDIUM
1,0,0,0,0,1,0,848,15.938248040049357,0.0,LOW
1,0,1,0,1,1,0,1344,16.316509018940753,13.62,LOW
1,0,1,0,2,2,2,1320,14.941002546866676,26.01,LOW
1,0,1,0,0,0,0,1250,14.43237835012005,19.65,LOW
1,0,0,0,0,2,0,361,14.483542577525911,0.0,LOW
1,0,0,1,0,0,1,286,17.464027134164628,25.77,LOW
0,0,0,0,0,0,2,240,14.919045428201958,24.71,LOW
0,0,1,0,0,0,0,190,15.45048158918151,32.21,MEDIUM
0,0,0,0,0,3,0,921,18.315095858474272,22.02,LOW
0,0,0,1,0,0,1,988,15.192318777545898,51.29,MEDIUM
1,0,0,0,0,1,1,1324,16.376639557746017,0.0,LOW
1,1,0,0,1,1,1,135,17.170192844288056,27.69,LOW
1,0,0,0,1,1,0,398,17.117292205677167,9.01,LOW
1,0,0,0,0,1,1,1092,14.535266007251952,3.34,LOW
1,0,0,0,0,1,0,1022,15.215312307528352,0.0,LOW
1,1,0,0,1,2,0,641,16.332600373877185,35.74,MEDIUM
1,0,0,0,1,1,1,228,18.12191920312162,10.8,LOW
1,0,1,0,1,2,3,726,15.162338275494685,25.79,LOW
1,0,0,0,0,1,1,258,15.457025717477816,0.0,LOW
1,0,0,0,1,0,2,803,16.461531863541104,3.92,LOW
1,0,0,0,0,2,0,1353,16.681624050083215,2.96,LOW
1,0,0,0,1,3,2,293,16.74827940473301,1.72,LOW
1,0,0,0,0,3,1,177,15.069008548681719,10.59,LOW
0,0,0,0,0,5,2,1107,15.414747049372155,37.7,MEDIUM
1,0,1,0,0,2,2,36,16.237051319782164,18.04,LOW
1,1,0,1,2,3,0,1476,17.38854244389111,55.18,MEDIUM
1,0,0,0,0,2,0,1163,15.73766750966973,7.63,LOW
1,0,0,0,1,1,0,605,15.975467909907799,14.21,LOW
1,0,0,0,0,2,1,544,14.87147871914665,11.04,LOW
1,0,0,0,2,1,1,580,18.049549515081466,0.0,LOW
1,0,0,0,0,2,2,595,16.16968924185588,2.81,LOW
1,0,0,0,0,2,1,1260,17.185530257512415,5.56,LOW
1,0,0,0,2,1,2,1200,16.032886928874362,7.81,LOW
0,0,0,0,0,0,1,307,16.093793771767753,32.95,MEDIUM
1,1,0,0,1,2,1,270,14.349660220062733,40.67,MEDIUM
1,1,1,0,0,2,1,811,13.634161943338176,39.47,MEDIUM
1,0,0,0,1,2,0,976,17.377095733019555,3.97,LOW
1,0,1,0,0,2,2,1091,16.08586403568866,15.37,LOW
0,0,1,1,0,2,1,470,16.22707093528528,57.51,MEDIUM
0,0,1,0,1,2,1,724,14.626040872579548,42.16,MEDIUM
1,0,0,0,2,2,2,156,15.006629404427015,16.06,LOW
1,0,0,0,1,2,0,684,17.168532201248482,0.21,LOW
1,0,0,0,0,1,1,1031,17.91415814792558,0.0,LOW
1,0,0,0,2,4,0,456,15.316598584850192,1.31,LOW
0,1,0,0,0,1,0,478,16.73863161719936,43.56,MEDIUM
1,0,0,0,0,1,3,693,16.209027425949767,1.79,LOW
1,0,1,0,1,2,0,1300,15.867418165914502,20.6,LOW
1,0,0,0,1,1,0,906,18.03715492219615,0.0,LOW
1,0,0,0,2,0,0,1379,15.501478189374973,0.39,LOW
1,0,0,0,0,2,0,92,17.364783900719235,0.0,LOW
1,1,0,0,1,2,0,1274,16.419565648746254,24.96,LOW
1,0,0,0,0,3,1,65,15.981421745398698,0.83,LOW
1,0,0,0,1,2,0,483,17.509218890336385,1.72,LOW
1,0,1,0,1,0,0,640,16.319147948265332,21.72,LOW
0,0,0,0,0,1,0,355,15.89392971709649,17.83,LOW
0,0,0,0,1,6,0,1484,17.517386390280237,28.15,LOW
1,0,0,1,0,1,0,1340,17.37418847914908,16.43,LOW
1,0,0,0,2,1,0,857,17.322159653269264,11.6,LOW
1,0,0,0,1,0,1,679,12.0,4.01,LOW
0,0,0,1,0,1,2,1143,16.484194288312253,49.89,MEDIUM
1,0,0,0,2,1,2,1062,16.233328912376965,4.4,LOW
1,0,0,0,0,2,0,721,15.961650420505965,1.23,LOW
1,0,0,0,0,1,0,1241,16.670757597369946,0.0,LOW
1,0,0,0,0,0,0,289,16.286612559754982,0.0,LOW
1,0,0,0,2,1,0,416,16.7455881590599,7.06,LOW
1,0,1,0,0,2,1,26,15.705242011469508,34.17,MEDIUM
1,0,0,0,0,2,2,178,17.647998693194143,0.02,LOW
1,0,1,0,0,0,0,298,16.85683861095011,14.15,LOW
1,0,0,0,1,0,0,937,16.596779249566325,0.0,LOW
1,0,0,0,0,1,0,1284,16.54307575707755,0.0,LOW
1,0,0,0,2,2,3,885,17.27300943824292,8.51,LOW
1,0,0,0,0,1,2,668,17.123856565629037,1.37,LOW
1,0,1,0,0,1,0,405,15.875950741099084,13.45,LOW
1,0,0,0,0,2,0,152,17.089341418905626,0.31,LOW
0,0,1,0,1,1,1,877,16.19145746404625,34.05,MEDIUM
1,0,1,0,0,5,1,211,18.10861947065036,16.75,LOW
0,0,0,0,0,5,1,1186,17.20750059215166,30.01,MEDIUM
1,0,0,0,1,0,0,613,15.311829749582138,0.0,LOW
1,0,0,0,1,3,3,525,18.563781758395294,8.16,LOW
1,0,0,1,3,2,3,40,13.687756180411188,35.96,MEDIUM
1,0,0,0,0,2,1,363,16.701090214735945,0.0,LOW
1,0,0,0,0,0,2,20,15.234127937610186,12.14,LOW
1,0,1,1,0,3,1,1088,18.070398323040322,29.15,LOW
1,1,0,0,0,0,0,735,16.278086671824816,30.53,MEDIUM
1,0,0,1,0,4,0,1179,15.126824988404167,23.38,LOW
1,0,0,0,0,1,0,848,15.706855816558459,1.03,LOW
1,0,0,0,0,4,1,1432,15.214675395467848,10.28,LOW
1,0,1,1,0,0,0,1176,15.663645323572913,31.63,MEDIUM
1,1,0,0,0,2,2,221,15.638487622521545,27.17,LOW
1,0,1,0,1,1,0,175,15.17372854442884,26.01,LOW
0,0,0,0,1,2,1,1334,16.297070192740886,38.06,MEDIUM
1,0,1,0,2,3,1,403,16.430346579747404,21.59,LOW
1,0,0,0,1,0,0,1148,14.904062969596437,2.74,LOW
1,0,1,0,1,5,1,943,14.175904360651602,28.75,LOW
1,0,0,0,0,2,1,1053,16.34205209736453,2.56,LOW
1,0,0,0,1,0,0,400,16.585112606231487,6.42,LOW
1,0,0,0,0,3,0,469,16.803238438157358,6.27,LOW
1,0,0,0,0,1,1,832,16.60629181975354,0.0,LOW
1,0,0,0,0,3,0,33,17.72998845331069,4.4,LOW
1,0,0,0,0,2,0,467,17.09677467562439,1.45,LOW
1,0,0,0,1,3,1,761,18.947811016057134,0.73,LOW
1,0,1,0,0,1,2,306,19.410711916516238,13.39,LOW
1,0,0,0,1,2,1,428,14.066087153590814,2.91,LOW
1,0,0,0,0,3,2,1476,13.58314750564057,10.0,LOW
1,0,0,0,2,1,1,435,15.991869572368614,13.87,LOW
1,0,0,0,0,1,1,1354,16.554655672868353,6.11,LOW
1,0,0,1,2,0,1,1391,15.916526490093705,28.95,LOW
1,0,0,1,0,0,2,1011,16.773938490663536,23.62,LOW
1,0,0,0,0,1,1,229,15.702733717061788,3.66,LOW
1,0,1,1,2,1,2,308,15.236654160244465,45.82,MEDIUM
1,0,0,0,0,2,0,1402,15.40282005416385,3.95,LOW
1,1,0,0,2,3,0,2,15.779814794029376,34.94,MEDIUM
0,0,0,0,1,3,0,756,16.927863578466166,23.68,LOW
1,0,0,0,0,0,1,895,15.464585233667586,0.0,LOW
1,0,0,0,1,2,0,1258,15.682134426791624,10.56,LOW
1,0,0,0,2,2,1,1343,16.62723852844879,18.21,LOW
1,0,0,0,0,0,0,425,15.781323962700291,0.0,LOW
0,0,0,0,1,2,2,754,17.228381605709927,38.11,MEDIUM
0,0,0,1,1,1,2,951,14.988543144541433,48.23,MEDIUM
0,0,0,0,0,1,1,1448,14.749999867887965,29.7,LOW
1,1,1,0,1,2,0,835,16.335091937420177,48.18,MEDIUM
1,0,1,0,1,2,2,182,16.444717308491278,30.06,MEDIUM
1,0,1,0,0,2,1,1387,15.048544556508245,18.87,LOW
1,0,1,0,2,0,0,769,17.47795494146017,14.41,LOW
1,0,0,0,0,4,0,269,18.11743049074725,2.42,LOW
